
{
	"AngleDependence" : 0.80,
	"CoordinateTolerance" : 1.000000000000000e-06,
	"Debug" : false,
	"DirectionTolerance" : 1.000000000000000e-06,
	"GradientMagnitudeFilter" : 
	{
		"CoordinateTolerance" : 1.000000000000000e-06,
		"Debug" : false,
		"DirectionTolerance" : 1.000000000000000e-06,
		"InPlace" : false,
		"NormalizeAcrossScale" : false,
		"Sigma" : 2.30
	}
}
